"","model","sens","spec","auc","accuracy"
"1","regularized",0.566666666666667,0.852379195359011,0.843273828015455,0.830365210701532
