"","model","sens","spec","auc","accuracy"
"1","regularized",0.1,0.989374185136897,0.843273828015455,0.931897315099566
